[
  {
    "id": "noor-amber-8oz",
    "name": "Noor \u2014 Amber & Oud (8oz)",
    "price": "$24",
    "weight": "8oz",
    "description": "Warm amber, oud, and saffron \u2014 a calm, luxurious burn (~45 hrs).",
    "stripe_link": "https://buy.stripe.com/test_AmberOud8oz_PLACEHOLDER",
    "image": "assets/img/amber-oud.svg"
  },
  {
    "id": "noor-rose-8oz",
    "name": "Noor \u2014 Rose & Cardamom (8oz)",
    "price": "$22",
    "weight": "8oz",
    "description": "A modern floral with a gentle spice lift; cozy and bright.",
    "stripe_link": "https://buy.stripe.com/test_RoseCardamom8oz_PLACEHOLDER",
    "image": "assets/img/rose-cardamom.svg"
  },
  {
    "id": "noor-sandal-8oz",
    "name": "Noor \u2014 Sandalwood & Smoke (8oz)",
    "price": "$26",
    "weight": "8oz",
    "description": "Smoky sandalwood, vanilla bean, and cedar \u2014 evening ritual.",
    "stripe_link": "https://buy.stripe.com/test_Sandalwood8oz_PLACEHOLDER",
    "image": "assets/img/sandalwood.svg"
  }
]